Sequence_ID;Sequence;Prediction;Score
>k25_254619_1 # 1 # 87 # 1 # ID=166_1;ITHPTPWLASALAVSLGYTLLYLGMILA*;AntiCP;0.560000
>k25_128348_1 # 3 # 308 # 1 # ID=194_1;ELGLEDYEVRKLQGLKRHWLMVFLADTLLQLNAKADVFVEHVKSDLETVG;AntiCP;0.530000
>k25_255100_1 # 3 # 242 # -1 # ID=207_1;YHAVVLEVCMAFLREMGEPADESYADDFLKFQFAKRNVHNPLTGEETPVL;AntiCP;0.500000
>k25_381659_1 # 3 # 206 # 1 # ID=219_1;LVDDIQSLSIHFGAHSPGIAPDIVLAEGDIIGELTVLHTPGHTPGSICLF;AntiCP;0.500000
>k25_381677_1 # 2 # 79 # -1 # ID=222_1;MEAAKYPDSDSRNRVHTGMLPNRLAR;AntiCP;0.510000
>k25_383610_1 # 1 # 207 # -1 # ID=442_1;MPRELSDKDIEILKKLAPECGDLTCSGSGHMFHSILPPVSNHFAEDGEDF;AntiCP;0.510000
>k25_132687_1 # 2 # 91 # -1 # ID=687_1;MFSGVARFFGKAFVLYEWIMSPCALGIEGD;AntiCP;0.510000
>k25_133264_2 # 318 # 380 # 1 # ID=756_2;MAIAENIRPPKKATMGIRMNS;AntiCP;0.540000
>k25_133981_1 # 1 # 321 # 1 # ID=837_1;HPNFGAARQSWLTGTAAWMLRVATNWILGIRPQYHGLLVDPCIPTGWDNF;AntiCP;0.510000
>k25_261549_1 # 3 # 221 # 1 # ID=919_1;GFTANINDVIQIAPSTGANAGTLIKAVVKTVNPTAGTFTAVPLIAADSIP;AntiCP;0.500000
>k25_134910_1 # 1 # 69 # -1 # ID=946_1;MKVMVVGGGAREHTLAWKLSCSK;AntiCP;0.590000
>k25_388044_1 # 3 # 230 # 1 # ID=948_1;LIFTLAIVRSYSVRSWASVLSVSVMIGVNLEISARSPRLTASAIAPLWVA;AntiCP;0.500000
>k25_135069_1 # 72 # 380 # 1 # ID=962_1;MSTIISSVFSISSAHRLLLHKGLCHNLHGHNWEIRVDIHGDPDRETGMVI;AntiCP;0.540000
>k25_135236_1 # 3 # 644 # 1 # ID=985_1;ADFAPPAPTYPTKIVEVKLGATKNEGGTRGKSIVIGGETVPAFYGFGGPA;AntiCP;0.510000
>k25_388444_1 # 3 # 107 # -1 # ID=993_1;MSEKTFTFAAENGNVCEIVDTFAEMFPMWASRVLI;AntiCP;0.520000
>k25_9380_2 # 126 # 245 # -1 # ID=1072_2;ILIGAFLTFVMLEKKGIFPGLPFPIFLGLVGGLLASLVV*;AntiCP;0.530000
>k25_9598_1 # 1 # 141 # 1 # ID=1092_1;DDGTDFRYRRNYDTMSGFMRYWGQFIVNLRRGVGRGYGFATPTGSI*;AntiCP;0.530000
>k25_264016_1 # 3 # 71 # -1 # ID=1201_1;MSAAAVIPALRVVGMIIGPKASV;AntiCP;0.500000
>k25_264198_1 # 3 # 98 # -1 # ID=1217_1;MDWLEFLVIIIFVGAAFFLIYYYFRGAKGDLS;AntiCP;0.580000
>k25_139376_1 # 184 # 246 # 1 # ID=1429_1;MSKWAKKEIVLMKRTTLALTL;AntiCP;0.540000
>k25_392931_1 # 3 # 215 # -1 # ID=1453_1;LLPLDPLVPLLPLEPLVPLLPLEPLVPLFPLVPLLPLDPLVPLLPLEPFT;AntiCP;0.540000
>k25_140597_1 # 133 # 204 # 1 # ID=1547_1;MSCSEGPILEEREHGENRQVWIIL;AntiCP;0.610000
>k25_268413_1 # 3 # 341 # 1 # ID=1646_1;GDSAATQTLPKAVVLCEAARAPSDLPEGEGNFSCSVRITLFSNADDTTLA;AntiCP;0.520000
>k25_14766_1 # 1 # 285 # -1 # ID=1648_1;FVPDTALSWAYFAAAPAAGLVLSASGTGLTNNRNSPYISISLVVGTNFVS;AntiCP;0.500000
>k25_394936_1 # 3 # 83 # 1 # ID=1675_1;FMVKFMNMNSLMFVFHFRLAPLKVEY*;AntiCP;0.500000
>k25_269418_2 # 238 # 300 # 1 # ID=1727_2;MASETIAYSRNDIRDILKAFK;AntiCP;0.500000
>k25_16952_1 # 1 # 99 # -1 # ID=1853_1;MQSERFRVAFLWLTLRFLTDQFNPNSIRVPDES;AntiCP;0.510000
>k25_397646_1 # 206 # 337 # 1 # ID=1937_1;MGFVVVTYKIFPTDIISDFGPMKKKLENTLPKSASVHGYGEELV;AntiCP;0.530000
>k25_17880_1 # 3 # 62 # -1 # ID=1945_1;MKDSTMMGMFGIGCLTAITV;AntiCP;0.580000
>k25_398157_1 # 3 # 209 # -1 # ID=1992_1;EEISEIVLAIKFCCYTKLDFAGIQVFHYPQVVISESLKAFWFVVPREPKI;AntiCP;0.500000
>k25_145758_1 # 2 # 109 # 1 # ID=2064_1;LGLAGSAFSWIVDVISLLPFAGSFIAGFLLGFKLG*;AntiCP;0.500000
>k25_145851_1 # 1 # 219 # 1 # ID=2073_1;EAFALALTIGLARFFYSRVAGGGGKSKWKTLLRFAFMLVWILPSFGIYFV;AntiCP;0.540000
>k25_273720_1 # 2 # 118 # -1 # ID=2162_1;MLTTFATGGMRRETALREVVFPDAVPPTKRRLLLFSIAS;AntiCP;0.520000
>k25_274953_1 # 3 # 410 # -1 # ID=2281_1;GLFGSTHPLCRLFDVIIPIPSVLSLVKKFGLALKGLQYLAAVKDTFDQYD;AntiCP;0.510000
>k25_21675_1 # 2 # 217 # -1 # ID=2340_1;MKEYLIGAGGWAYFQIPGLHPLAAYSRAFNFVEVNSTFYQMPTMKEVENW;AntiCP;0.520000
>k25_276020_2 # 231 # 704 # -1 # ID=2405_2;GPSSAIFNSSIFLLGLLSIIGAYFLPRNVNFRALAVLVALMAIGAMGAGV;AntiCP;0.500000
>k25_150147_1 # 2 # 340 # -1 # ID=2525_1;DESGEDRLWLRRAVEFMQEVNGNYMYLRRMTDEWEMLRHWWAPWMSQIED;AntiCP;0.500000
>k25_150205_1 # 2 # 202 # 1 # ID=2540_1;PAIALRLRWCILRVPLALPRLFDSGPSVGPLAFGPPLVLICAGWCIYSSC;AntiCP;0.510000
>k25_277904_1 # 2 # 262 # -1 # ID=2602_1;GDTLFVSACDMPCIDAGVVRYLFDALGTADAVIPSWNYDMIEPLHAVYRR;AntiCP;0.500000
>k25_404214_1 # 2 # 202 # -1 # ID=2611_1;RGSCDDPYNDARSASGRERNHDEGHDWSHEDGHEEGYDDDYDESHDSGHD;AntiCP;0.500000
>k25_27480_2 # 402 # 461 # 1 # ID=2915_2;MRVKVAVFWGCCILASQYAY;AntiCP;0.540000
>k25_281213_1 # 3 # 68 # 1 # ID=2918_1;VTQVKEWNHYRKKVLLEHPKE*;AntiCP;0.520000
>k25_407694_1 # 1 # 234 # 1 # ID=2936_1;KMVPGFIQGAWIVEDPTYDKSRFYGYNLPVGSFFIEVKIEDEEFWLSEVK;AntiCP;0.510000
>k25_28093_1 # 3 # 77 # -1 # ID=2983_1;MNRKRAVQNGARMKKLQVKRAALSR;AntiCP;0.520000
>k25_28650_1 # 1 # 309 # 1 # ID=3036_1;AMTHLFRPGLLKKYAPEKVAKKQYSCSTFMIYLGVDKQYDLPHHNIYFSK;AntiCP;0.520000
>k25_155586_1 # 113 # 220 # 1 # ID=3078_1;MKLLYKPTKLTCDFIVPNIDKSDGVQKVIGFSRGWH;AntiCP;0.500000
>k25_409137_1 # 134 # 208 # -1 # ID=3088_1;ANYCDVCFVVLSHELTLHILTFLP*;AntiCP;0.560000
>k25_30021_1 # 177 # 242 # -1 # ID=3183_1;KMHLMFGVLAIFADQLLKLAT*;AntiCP;0.600000
>k25_30451_2 # 362 # 421 # 1 # ID=3223_2;MAATWKKLAYLDEVAVLSDQ;AntiCP;0.540000
>k25_410660_1 # 2 # 70 # 1 # ID=3232_1;ALILISSGYLSPANPEVMAADK*;AntiCP;0.530000
>k25_285011_1 # 1 # 348 # -1 # ID=3309_1;RMHGQDFRYLVDEDVWLHWTGTHWERGGDAAALHATKTVARSWQFDAVGE;AntiCP;0.540000
>k25_158840_1 # 3 # 344 # -1 # ID=3396_1;PNYKKGGPRIHFDLSGYDILYWDPNDLKAFREELEKRLRWRLSRLTSRKS;AntiCP;0.500000
>k25_33228_1 # 56 # 496 # -1 # ID=3501_1;LGEPGVIVSGIAVKPGKPTTVAVVDGKLLFSLPGHPASALLIFHLLASPI;AntiCP;0.500000
>k25_287196_1 # 2 # 340 # 1 # ID=3544_1;CALPISKLSAFLIGSLMLLAAFSPALALAGTLMAPGMCAESTSGSSWYST;AntiCP;0.530000
>k25_414864_1 # 1 # 78 # 1 # ID=3645_1;GGHWSVVFVPEGMCLFVVRVRKKVY*;AntiCP;0.590000
>k25_415489_1 # 1 # 216 # -1 # ID=3711_1;PIHIACDEHELFPAPTPMHILLVPTDELPAFKPMEIEPVLLLEEPALSPR;AntiCP;0.550000
>k25_162489_1 # 178 # 243 # 1 # ID=3764_1;MNTPDTFGAKMFNRFMRKGWHI;AntiCP;0.510000
>k25_416501_1 # 3 # 221 # 1 # ID=3809_1;TRSSDGWTRPWTGLFAGDGATRNRVWKAYTISRVPADRRLFPPLQQHQIV;AntiCP;0.530000
>k25_290698_1 # 90 # 254 # 1 # ID=3861_1;MPRHVAYHYLFVKVYFATLWHYIRRQETLILISPAFLLPYPPKTGLAYLL;AntiCP;0.580000
>k25_417494_1 # 1 # 516 # 1 # ID=3908_1;KTASKIHQAVQYAFQDGTAGVKVWPDEVRGEVRWARLTIHDYWIDPVEDW;AntiCP;0.510000
>k25_41290_1 # 1 # 210 # -1 # ID=4280_1;MEFAWIALATGTFAMFIVTYLTWSIYQQDPGTPQMRETARYIRIGAKTFL;AntiCP;0.600000
>k25_295121_1 # 1 # 183 # -1 # ID=4301_1;MIVPVGTAQVGCTVPATVGTEGAVGTASIVIAEPVDTQVVSLVFLTLTVY;AntiCP;0.510000
>k25_295237_2 # 137 # 211 # -1 # ID=4307_2;GMDESLRFRIVDSRFLMVPDGSEF*;AntiCP;0.590000
>k25_169611_1 # 3 # 269 # 1 # ID=4439_1;SPKEEIADPRRFFAEEAKKIVDKYRISLGWLPDVSWYKILYHAERDLVGF;AntiCP;0.500000
>k25_170090_1 # 1 # 90 # -1 # ID=4473_1;MSEGMLLKILRITMEVISMRLLTILSMGMS;AntiCP;0.520000
>k25_297328_1 # 1 # 231 # 1 # ID=4477_1;FIAAFIFGLFLFAIIYILQFDVVTSLVIGLIGVGLFVLLQYLIGPAIVAS;AntiCP;0.500000
>k25_46657_1 # 2 # 64 # -1 # ID=4739_1;MSDIMEKMIEIPNDVQVEVEN;AntiCP;0.550000
>k25_46706_1 # 3 # 224 # 1 # ID=4744_1;DRAMAAQENQRALEAVTRAQLTNPNAIDPALFAALTPAQQSDALGIQRKS;AntiCP;0.510000
>k25_427237_1 # 65 # 292 # 1 # ID=4784_1;MTCLLMRAAERAQLALMLEVCAYPKPGNVDRCHDYPDTRLEHFLASTIFA;AntiCP;0.500000
>k25_427244_2 # 327 # 392 # -1 # ID=4785_2;KWLEIAEFHLFHPKFMAGHPR*;AntiCP;0.720000
>k25_173881_1 # 2 # 115 # -1 # ID=4795_1;MITFSPAIIKSGMALLHCNSVFFVMVPDCKPLLRGYRE;AntiCP;0.500000
>k25_427886_3 # 1484 # 1690 # 1 # ID=4849_3;MVEKENKLVFMVSLKAAKSDVKKAVEELYEVKVEKVNLLVTPQGEKKAFV;AntiCP;0.510000
>k25_303165_1 # 2 # 130 # -1 # ID=5003_1;MPRVIHFEIHAEDPKKATEFYERVFDWRIRKWEGPAEYWLVTT;AntiCP;0.500000
>k25_49458_1 # 3 # 329 # -1 # ID=5017_1;VIAYAAETSAPSVTGSIAELLLGALATGLAALASWALVALARKLGLTIAA;AntiCP;0.560000
>k25_304306_1 # 1 # 180 # 1 # ID=5112_1;ARNYLHYIRKYKRYEKRSSKLHAHNPPCIQVKVGDMVKIAECRPLSKSTT;AntiCP;0.500000
>k25_430765_2 # 764 # 1258 # 1 # ID=5133_2;MWRILRPDAAAALEDKKARASLARYFDTMQDEKPAKFMIAKKLPARFSEK;AntiCP;0.500000
>k25_433966_1 # 2 # 82 # 1 # ID=5418_1;EVGEGWADEGTLRAWVADRQRRYRWR*;AntiCP;0.540000
>k25_180562_1 # 3 # 206 # -1 # ID=5427_1;IPPHFTFRVSDTEYLITFAGMIIVGTLISLLVARAREHAVAAEIREKETG;AntiCP;0.500000
>k25_308288_1 # 1 # 249 # 1 # ID=5472_1;TPSTAITQSIAPNGTAATAVAGTATVTVTTAAAHGLLPGDVVDLAGAATF;AntiCP;0.520000
>k25_54711_1 # 137 # 307 # -1 # ID=5487_1;NGTHRWIYFDYEHSILEIIVVPEFPSFLILPLFMVMTLLAVSIYRRRKHS;AntiCP;0.530000
>k25_181482_1 # 3 # 92 # -1 # ID=5519_1;MNFDSVGGRRFLFAVGLTFLSAALLYVGKL;AntiCP;0.580000
>k25_181713_1 # 3 # 65 # -1 # ID=5539_1;MAMLCAYSIAALPVSLALLIV;AntiCP;0.580000
>k25_55457_1 # 164 # 229 # 1 # ID=5555_1;METAMEWWGKFPDLEKNRARLG;AntiCP;0.540000
>k25_182395_1 # 3 # 71 # -1 # ID=5607_1;MSAILHIVEHDFRNFFRYKWWLV;AntiCP;0.660000
>k25_436031_2 # 182 # 247 # -1 # ID=5614_2;TMENDFLSVALGRIAEPGAKR*;AntiCP;0.560000
>k25_182766_1 # 3 # 62 # -1 # ID=5646_1;MENQQKPSPPSLMVFVSIGI;AntiCP;0.500000
>k25_185212_1 # 2 # 265 # 1 # ID=5879_1;KGYGKHFGCPPYAPSPDETRRMVDEYSTGLLLRFDGVPGRGTFGPEDIPD;AntiCP;0.510000
>k25_314213_1 # 2 # 481 # -1 # ID=6022_1;THGRAIAFATGVKLASPELEVVIVSGDGDLFAIGGNHFIHAARRNIGVKV;AntiCP;0.500000
>k25_61439_1 # 271 # 342 # -1 # ID=6124_1;LMVGPPGLEPGIFAASFGALKAA*;AntiCP;0.560000
>k25_62184_1 # 143 # 244 # 1 # ID=6192_1;MTKSETRYIRLIDRQPTHVGTAIMSDITGGVKVG;AntiCP;0.520000
>k25_62472_1 # 2 # 67 # -1 # ID=6210_1;MPVIPPAILVLHPSIIDGDFVI;AntiCP;0.520000
>k25_63174_1 # 2 # 145 # 1 # ID=6269_1;CSMVWKVTFLRSPCDRNSAATMHSWVMSSRPASWKVVQFGSVRPRRL*;AntiCP;0.520000
>k25_190335_1 # 1 # 216 # 1 # ID=6334_1;ALSHLLHALPWDLQITMPVLLSALPASVTVALVYLIVHKMTGKPAMAIVA;AntiCP;0.550000
>k25_64206_1 # 1 # 72 # -1 # ID=6373_1;MLTMSIRERPGEGVAFFPTMKMSM;AntiCP;0.510000
>k25_319157_1 # 3 # 98 # 1 # ID=6444_1;GYGGNSILGFALGFAAACLIAGLPLLYYFLK*;AntiCP;0.520000
>k25_320224_1 # 3 # 77 # 1 # ID=6539_1;RAGAVPGGIRDLMVRFYPAPFSYN*;AntiCP;0.520000
>k25_66931_1 # 2 # 199 # -1 # ID=6608_1;RCGWEGHWAAFDFHHRDPEKKEMSWGGGMRQRSWDRLLPELNKTRLLCRC;AntiCP;0.510000
>k25_447995_1 # 2 # 76 # 1 # ID=6653_1;SHHNAHVGANIKHTENVNTDRAVN*;AntiCP;0.540000
>k25_194546_2 # 191 # 250 # 1 # ID=6681_2;MKDLKKYSEIVQALIIPSIR;AntiCP;0.550000
>k25_323356_1 # 1 # 822 # -1 # ID=6778_1;WDELKRGTDPLSSSNKLVFATGPLTGFSLPSSGKLIVAAKSPLTGGYGDG;AntiCP;0.510000
>k25_324197_1 # 2 # 268 # 1 # ID=6850_1;GDWKMSFASKLKMESVGMMLTLIFYLIVGIISFAVLVIVYSPPSIGIIGI;AntiCP;0.540000
>k25_450615_1 # 269 # 331 # 1 # ID=6877_1;MSERKAKAKTHVGKKMTFILG;AntiCP;0.640000
>k25_73735_1 # 1 # 411 # 1 # ID=7183_1;PIDPLNSSSATALPNTMAQQVDFVSSGSDFADNIRKQTRQLIDNQNNAMM;AntiCP;0.510000
>k25_201643_1 # 2 # 76 # 1 # ID=7257_1;FLASDESRYCTGGFYMVDGGLTAD*;AntiCP;0.600000
>k25_456198_1 # 2 # 79 # -1 # ID=7319_1;MSRKFLGRVVSFLHPNHLLVISDYKM;AntiCP;0.510000
>k25_202969_1 # 3 # 77 # -1 # ID=7364_1;MLPAFLFAFLERHLAQSGTAQLKGC;AntiCP;0.620000
>k25_76532_1 # 3 # 227 # -1 # ID=7400_1;PDGSWYSSYPQVKQDDQTRDTNFASYIATGIWFHYLATKDLGFLRQMWPM;AntiCP;0.510000
>k25_76952_1 # 2 # 241 # 1 # ID=7441_1;LLPEMPISVGDSRTFYKAVMASSMCDIMETCSRGFVDYTFLGGAQIDMYG;AntiCP;0.510000
>k25_459177_1 # 2 # 127 # -1 # ID=7557_1;MRRGAAEAMAAESSGLAGFGLASAADEGWRMEDGGMKMEEGG;AntiCP;0.510000
>k25_333517_1 # 1 # 75 # 1 # ID=7588_1;LMALQLTLVEAEVTFKFPLTMNGA*;AntiCP;0.560000
>k25_333771_1 # 3 # 572 # 1 # ID=7618_1;DVTLSWENLYAINRKILDPTADRYFFVPNPIELTVKQIPKTFTARLHLHP;AntiCP;0.550000
>k25_206142_1 # 1 # 258 # -1 # ID=7632_1;MLSLSPAALLLMSLFARLLYRSLTLHYCSLLLLRLSVQNVLSTAGAVLLQ;AntiCP;0.520000
>k25_208611_1 # 28 # 243 # 1 # ID=7845_1;MFNGDTFCLMQGKWDPRGTKSDIRPEHNNIKYLDSIVETAVDFFSPYAHL;AntiCP;0.500000
>k25_208771_1 # 3 # 89 # 1 # ID=7858_1;ISMAKFDDSDNGSRFFDDRGKSIVLKKG*;AntiCP;0.510000
>k25_463454_1 # 2 # 70 # -1 # ID=7932_1;MYYGHPIHGDPTPEEVQEFSRHC;AntiCP;0.620000
>k25_338355_1 # 89 # 211 # 1 # ID=7994_1;MAKKKGLPRLRVKARIASKVMEKDLHAKAKVLMDDPEIILP;AntiCP;0.520000
>k25_464350_1 # 3 # 560 # -1 # ID=8010_1;QWIAFSDEFLSNPNYQISQVEIGDQSILAPKIAANSILAKHVRAHEIGAD;AntiCP;0.550000
>k25_210583_1 # 1 # 66 # 1 # ID=8015_1;TLLMAVGKLAIGWIKKLGSAR*;AntiCP;0.590000
>k25_466544_1 # 241 # 306 # 1 # ID=8176_1;MIMNPIPKPNAISLRRALSITM;AntiCP;0.500000
>k25_341114_2 # 194 # 271 # 1 # ID=8215_2;MKKDIKSPSEYRIIADSSYIVLPDQK;AntiCP;0.500000
>k25_342255_1 # 3 # 320 # 1 # ID=8329_1;AIVSISIGIMVTTVLFSITTFAYFPAFLQQDVLFSSVIIGIIAAIFFFAV;AntiCP;0.500000
>k25_342368_2 # 460 # 735 # 1 # ID=8343_2;MKIIETKEGSVLEVCVKPSSKEFKIVVEGDEIIVFCREEPVKGKVNKELL;AntiCP;0.540000
>k25_344347_1 # 207 # 275 # 1 # ID=8491_1;MHWAIRFIHDTHENGANHRLFIS;AntiCP;0.530000
>k25_217088_1 # 159 # 341 # -1 # ID=8561_1;VHLKEDDDQKSERKSARSFALLKRIALNIVRTKDTTPKKSLRRKLKHPAW;AntiCP;0.500000
>k25_217278_2 # 172 # 231 # 1 # ID=8579_2;MWPAFIVDVKGGAQAVDKWL;AntiCP;0.510000
>k25_471339_1 # 1 # 411 # -1 # ID=8589_1;YQNDSNIHAILAKDRPSAVVSFGDIHTFKGLLSTPEFVRRMWLHFDNDQN;AntiCP;0.530000
>k25_345746_1 # 187 # 399 # 1 # ID=8612_1;MGYVGIPAAALFADSPAFDFVYGFQRDSSSSGYKIAMLNRGESPLKGEEP;AntiCP;0.500000
>k25_218067_1 # 136 # 207 # -1 # ID=8639_1;VRLLATILPLYLPLCQMLLVTIA*;AntiCP;0.500000
>k25_220081_1 # 3 # 68 # 1 # ID=8810_1;GADSDFSRISDYGREVLSWDT*;AntiCP;0.530000
>k25_475074_1 # 295 # 486 # 1 # ID=8903_1;MQSRKKSLFWSFACPFHYWRSSYLHSMLEVTMQSTETGRVWDEIIHASDL;AntiCP;0.510000
>k25_95042_1 # 1 # 99 # -1 # ID=8935_1;MKLSSLDVAFMAVFAAFSAVVIKVLPGIPIVGA;AntiCP;0.530000
>k25_97436_1 # 2 # 253 # 1 # ID=9106_1;LDYSLNTTVFHNNFIDNIYQVHTLGSTTTWDDGYPSGGNYWNGNHTDLFR;AntiCP;0.500000
>k25_97691_1 # 3 # 80 # -1 # ID=9133_1;MEEFDKAEWMEENNRSEGFIWKALRG;AntiCP;0.530000
>k25_97697_1 # 2 # 127 # -1 # ID=9134_1;MEESQERKRQILIVDDEPDFVLALRNALKSGMCEVVTADSKT;AntiCP;0.520000
>k25_97984_1 # 19 # 237 # -1 # ID=9158_1;NQNCWYKEYKHLSGEMGAQGIRGANSDGRLASKDSGMQLARKVHRYAFHS;AntiCP;0.510000
>k25_352926_1 # 2 # 607 # -1 # ID=9192_1;MWRLGFFFHEMGFGLLSIFLPLYLYSIDSTNGLFYVGLMTAIALFAAIPA;AntiCP;0.510000
>k25_353243_1 # 2 # 415 # -1 # ID=9218_1;YFDLAVPFQEIAFSWLRVHPTIASSHQAWERGEYPADTQFYVVDDEIENA;AntiCP;0.570000
>k25_226485_1 # 1 # 60 # -1 # ID=9316_1;MKLTKSFNRSLWVFHLNTGS;AntiCP;0.500000
>k25_482267_2 # 215 # 274 # 1 # ID=9486_2;MSKRKAYYASKIKRATHMLF;AntiCP;0.590000
>k25_356566_1 # 3 # 314 # -1 # ID=9495_1;YHLIRSSSIDTIRSLGIVGECNIQWALHPKSEEFRVIEVNSRMSRSSALA;AntiCP;0.500000
>k25_359079_2 # 133 # 213 # 1 # ID=9700_2;MATIKKGLKKAQSGSKVDANTKAQKAK;AntiCP;0.500000
>k25_104577_1 # 3 # 74 # -1 # ID=9712_1;MPKSSQGFIRLADDSSCPIPAEPT;AntiCP;0.510000
>k25_231177_2 # 217 # 303 # -1 # ID=9716_2;RPKAFHLRRLVKSANVSIHDLWRGQRRS*
